{"cameraMode":{"drawMode":0,"name":"Shaded","section":"Shading Mode"},"sceneLighting":true,"audioPlay":false,"sceneViewState":{"showFog":true,"showMaterialUpdate":false,"showSkybox":true,"showFlares":true,"showImageEffects":true,"showParticleSystems":true},"in2DMode":false,"pivot":{"x":3.454561471939087,"y":0.12496411800384522,"z":3.540774345397949},"rotation":{"x":0.09977328032255173,"y":-0.1986117959022522,"z":0.020328931510448457,"w":0.9747745990753174},"size":13.997969627380371,"orthographic":false}