{"cameraMode":{"drawMode":0,"name":"Shaded","section":"Shading Mode"},"sceneLighting":false,"audioPlay":false,"sceneViewState":{"showFog":true,"showMaterialUpdate":false,"showSkybox":true,"showFlares":true,"showImageEffects":true,"showParticleSystems":true},"in2DMode":false,"pivot":{"x":-12.905858039855957,"y":27.016157150268556,"z":0.4477806091308594},"rotation":{"x":0.022315766662359239,"y":0.48356127738952639,"z":-0.012333480641245842,"w":0.8749390840530396},"size":22.0,"orthographic":false}