{"cameraMode":{"drawMode":0,"name":"Shaded","section":"Shading Mode"},"sceneLighting":false,"audioPlay":false,"sceneViewState":{"showFog":true,"showMaterialUpdate":false,"showSkybox":true,"showFlares":true,"showImageEffects":true,"showParticleSystems":true},"in2DMode":false,"pivot":{"x":1.3046445846557618,"y":19.263938903808595,"z":-10.652575492858887},"rotation":{"x":0.022315766662359239,"y":0.48356127738952639,"z":-0.012333480641245842,"w":0.8749390840530396},"size":40.87151336669922,"orthographic":false}