{"cameraMode":{"drawMode":0,"name":"Shaded","section":"Shading Mode"},"sceneLighting":false,"audioPlay":false,"sceneViewState":{"showFog":true,"showMaterialUpdate":false,"showSkybox":true,"showFlares":true,"showImageEffects":true,"showParticleSystems":true},"in2DMode":false,"pivot":{"x":45.5,"y":1.7571651935577393,"z":61.546546936035159},"rotation":{"x":0.252153605222702,"y":0.026123754680156709,"z":-0.006809801794588566,"w":0.9673106074333191},"size":26.33134651184082,"orthographic":false}